Id,Route,Group,Length
627,Aniyoltakean route,searoutes,3203 km
721,Poyers water way,searoutes,2814 km
739,Colleranan water way,searoutes,2469 km
729,Ebon route,searoutes,1612 km
751,Wabingan route,searoutes,1495 km
15,Combrecheb way,roads,1459 km
603,Enchanted route,searoutes,1107 km
1,Paved road,roads,1050 km
655,Whirlwind route,searoutes,1024 km
642,Eldritch passage,searoutes,913 km
786,New route,searoutes,864 km
807,Villepieds route,searoutes,744 km
602,Shadow lane,searoutes,693 km
11,Gilded route,roads,651 km
470,Grieillean track,trails,645 km
162,Great trail,trails,632 km
737,Sapphire lane,searoutes,581 km
6,Enchanted route,roads,564 km
596,Kumtelian route,searoutes,548 km
637,The Frosty Crystal route,searoutes,547 km
643,Noblian route,searoutes,526 km
646,The Silent Scarlet route,searoutes,514 km
609,The Misty Rain lane,searoutes,507 km
88,Angenese trail,trails,501 km
2,Imperial route,roads,463 km
777,Cellerian route,searoutes,463 km
30,Ripelan highway,roads,463 km
105,Aslankan path,trails,461 km
0,Aberctan road,roads,461 km
27,The Silent Sapphire way,roads,447 km
816,Scarlet route,searoutes,447 km
420,The Breezy Castelletran path,trails,434 km
718,Selstadt route,searoutes,434 km
647,Sapphire passage,searoutes,431 km
20,Silvered highway,roads,427 km
58,Uzunkayruk pass,trails,405 km
148,Grambedondan trail,trails,394 km
707,The Rustic Molten route,searoutes,386 km
586,Kaman lane,searoutes,383 km
354,Vantignelly trail,trails,375 km
23,Scarlet road,roads,375 km
656,Infart route,searoutes,374 km
641,Infernal route,searoutes,368 km
33,Forskimattan path,trails,367 km
359,Nikkulan trail,trails,362 km
26,Twisted road,roads,360 km
715,Sertean route,searoutes,359 km
675,Molten passage,searoutes,359 km
640,Fading route,searoutes,340 km
264,Aslan trail,trails,340 km
24,Turanvan road,roads,331 km
504,Canagnicelvian trail,trails,318 km
679,Aberctan route,searoutes,318 km
750,Sapphire lane,searoutes,316 km
674,Infernal route,searoutes,311 km
600,The Echoing Raven route,searoutes,304 km
669,Babeyvar lane,searoutes,303 km
745,Dragon route,searoutes,300 km
386,The Serpentine Laninorocch trail,trails,299 km
827,Enigma passage,searoutes,299 km
693,Solar passage,searoutes,292 km
582,Inverleigh route,searoutes,290 km
588,Divan route,searoutes,279 km
601,Moon route,searoutes,273 km
4,Solar route,roads,269 km
716,Sylvan lane,searoutes,266 km
590,Silvered lane,searoutes,260 km
91,Vogoshichian track,trails,259 km
798,Molten route,searoutes,258 km
254,Muuman track,trails,256 km
134,The Serpentine Mhearigledduan track,trails,254 km
591,New route,searoutes,254 km
698,Spectral lane,searoutes,252 km
747,Twisted passage,searoutes,251 km
766,Glowing route,searoutes,249 km
93,Anabercych trail,trails,246 km
628,Moon passage,searoutes,242 km
625,Bokuan route,searoutes,239 km
9,Copper road,roads,235 km
687,The Shrouded Frozen route,searoutes,234 km
608,Amber lane,searoutes,232 km
614,Apazobasayan lane,searoutes,230 km
522,Alpsean trail,trails,230 km
241,Modfordbury trail,trails,229 km
21,The Misty Phoenix road,roads,226 km
772,Sapphire lane,searoutes,223 km
606,Innisaber water way,searoutes,223 km
697,Crimson route,searoutes,222 km
740,Broccianian lane,searoutes,217 km
353,Bellorinician path,trails,217 km
585,Echo passage,searoutes,217 km
89,Echo trail,trails,216 km
419,Margan path,trails,215 km
435,Sannessas track,trails,214 km
771,Orgisan water way,searoutes,213 km
540,Dawn trail,trails,210 km
325,Imperial pass,trails,209 km
14,Nightshade road,roads,208 km
743,Military lane,searoutes,207 km
665,Treabert lane,searoutes,207 km
229,Thegaician trail,trails,206 km
383,The Rustic Charvillenest pass,trails,204 km
401,Vilianan trail,trails,204 km
197,Aberfraw trail,trails,202 km
29,Tranquil route,roads,202 km
574,Echo path,trails,199 km
618,Suranian water way,searoutes,198 km
661,Otillian water way,searoutes,193 km
81,Anabercych pass,trails,191 km
683,The Cobbled Radiant water way,searoutes,190 km
167,Ormsford trail,trails,189 km
722,Siljan lane,searoutes,185 km
380,Kumdeselian trail,trails,182 km
748,Raufarfian route,searoutes,181 km
782,Titan route,searoutes,181 km
685,The Shrouded Copper route,searoutes,179 km
282,Shifton path,trails,179 km
554,Anovadabean trail,trails,178 km
632,Yuzunsepean route,searoutes,178 km
659,Iron route,searoutes,177 km
701,The Echoing Sun route,searoutes,174 km
388,Alpserelian pass,trails,173 km
495,Apazobasayan trail,trails,172 km
278,Altelian path,trails,172 km
583,Golden route,searoutes,171 km
166,Ekinese trail,trails,170 km
712,The Shrouded King route,searoutes,168 km
351,Choux trail,trails,167 km
415,Skroyan path,trails,166 km
345,Schopenbach trail,trails,166 km
667,Platinum route,searoutes,165 km
259,Tetonese trail,trails,164 km
621,Aurora water way,searoutes,164 km
720,Solar lane,searoutes,164 km
406,Louvillemur trail,trails,162 km
18,Lunar road,roads,159 km
421,Edian trail,trails,159 km
180,Trearonese trail,trails,159 km
649,Titan route,searoutes,158 km
502,Messian trail,trails,157 km
761,Flame lane,searoutes,157 km
733,The Great Copper passage,searoutes,155 km
834,Astral route,searoutes,154 km
292,Ancient trail,trails,154 km
382,Noyerstouilese path,trails,152 km
566,Adasiler trail,trails,150 km
19,Wraith way,roads,150 km
797,The Fabled Enigma route,searoutes,147 km
477,Sarprakluan pass,trails,147 km
468,Ponticivan pass,trails,145 km
118,Yalkatean path,trails,145 km
552,Sarprakdian trail,trails,144 km
352,Grotroneran pass,trails,143 km
434,Schoman trail,trails,142 km
267,The Breezy Orylish trail,trails,141 km
159,Obsidian trail,trails,140 km
673,Rain route,searoutes,140 km
741,Verdant route,searoutes,139 km
518,Cursed trail,trails,137 km
123,Abergwian track,trails,137 km
493,Secilbenzonese trail,trails,136 km
110,Altapan pass,trails,135 km
210,Echo pass,trails,134 km
114,Alazserenese trail,trails,134 km
221,Keliyolese track,trails,133 km
244,Searesham path,trails,133 km
780,Moon passage,searoutes,132 km
768,Palicilaccuan lane,searoutes,131 km
139,Mhearigledduan trail,trails,131 km
717,Spectral route,searoutes,130 km
135,The Serpentine Abergwian path,trails,130 km
397,Sceouvillean trail,trails,128 km
234,Frozen trail,trails,128 km
348,Trinan trail,trails,128 km
22,Serelnayan highway,roads,128 km
313,Paisan track,trails,128 km
42,Dekibidean trail,trails,127 km
808,Spectral route,searoutes,127 km
723,The Fabled High route,searoutes,126 km
482,Kobatian pass,trails,126 km
133,Divan path,trails,126 km
253,Imbrian track,trails,126 km
584,Alpsean route,searoutes,126 km
13,Moon way,roads,125 km
556,Derinbey pass,trails,125 km
611,Dawn water way,searoutes,123 km
651,The Frosty Fading lane,searoutes,122 km
231,Yadian pass,trails,122 km
76,Velvet trail,trails,121 km
7,Whirlwind road,roads,120 km
527,Atarnuran trail,trails,119 km
444,Balldengenese trail,trails,118 km
774,Phoenix water way,searoutes,117 km
620,Verdant route,searoutes,117 km
307,Rhitheneran path,trails,117 km
734,High lane,searoutes,116 km
284,Kilksey trail,trails,114 km
37,Klovsan track,trails,113 km
310,Ayvaran trail,trails,112 km
487,Thunder track,trails,112 km
377,Palicilaccuan trail,trails,112 km
40,Ovakaylibian trail,trails,112 km
409,Great trail,trails,112 km
124,Serpent pass,trails,112 km
95,Azure track,trails,111 km
806,Wraith passage,searoutes,111 km
787,Mystic route,searoutes,111 km
350,Monch pass,trails,110 km
364,Broccianian track,trails,110 km
408,Spike trail,trails,110 km
185,The Sacred Theorgelerar trail,trails,110 km
635,Glowing route,searoutes,110 km
25,Glimmering road,roads,109 km
424,Dusk trail,trails,108 km
367,Spike trail,trails,107 km
670,Echo water way,searoutes,107 km
211,Hathaman trail,trails,107 km
146,Aydian trail,trails,107 km
547,The Misty Tungrantan trail,trails,107 km
298,Rurusanidean trail,trails,106 km
370,Boykut trail,trails,106 km
496,Serelnayan trail,trails,106 km
513,Grandeur trail,trails,105 km
206,Aberfraw track,trails,105 km
464,Piantamatrian trail,trails,105 km
488,Secilbenzon trail,trails,104 km
39,Ovakaylibian trail,trails,103 km
301,Nightshade trail,trails,102 km
97,Sherslean trail,trails,102 km
45,Kingmolean trail,trails,102 km
466,Skroyan path,trails,102 km
617,Bounoraberg route,searoutes,101 km
524,The Cracked Grieillean trail,trails,101 km
486,Nehamnese trail,trails,100 km
472,Everlasting track,trails,100 km
293,Margylasian track,trails,100 km
288,Orylisan pass,trails,99 km
650,Frozen route,searoutes,99 km
297,Zarisan path,trails,98 km
724,Solnian lane,searoutes,98 km
305,Shifton pass,trails,97 km
249,Iatecekionese path,trails,97 km
190,Yazbeykut trail,trails,97 km
828,Azure route,searoutes,94 km
48,Thunder pass,trails,94 km
458,Viciconiamean track,trails,94 km
543,Atyurt trail,trails,94 km
440,Fiunan path,trails,94 km
165,Bocan trail,trails,94 km
225,Azyolteduan track,trails,94 km
200,Yazbeykut trail,trails,93 km
399,Obsidian trail,trails,93 km
395,Aynak track,trails,93 km
314,Ersuzunese trail,trails,92 km
376,Erdeshernoian trail,trails,91 km
456,Old track,trails,91 km
35,Koulamaskian trail,trails,91 km
549,Yakayruluan path,trails,90 km
626,Shadow route,searoutes,90 km
728,Imperial route,searoutes,89 km
256,Yakardem trail,trails,89 km
213,The Misty Cerskyfigan pass,trails,89 km
266,Spartan track,trails,89 km
534,Stardust pass,trails,88 km
251,Thegaician trail,trails,88 km
302,Abeynakan path,trails,88 km
366,Boykutan track,trails,88 km
684,Golden water way,searoutes,88 km
125,Fhlaian path,trails,87 km
128,Wraith trail,trails,86 km
16,The Shaky Echo route,roads,86 km
730,Wandering lane,searoutes,86 km
327,The Frosty Todttenlinese trail,trails,86 km
622,Erban lane,searoutes,86 km
59,Bramplean pass,trails,86 km
32,Kusulakimaan trail,trails,86 km
96,The Shrouded Sherslean pass,trails,86 km
598,Jeweled lane,searoutes,86 km
688,Knutsdonese route,searoutes,85 km
324,Sontean path,trails,84 km
143,The Shaky Inveroris path,trails,84 km
184,Akaybaran track,trails,84 km
714,The Sacred Star route,searoutes,84 km
112,Braberctarean trail,trails,83 km
280,Nigenionian track,trails,83 km
217,Atyurt path,trails,83 km
115,Raithean path,trails,82 km
186,Inbrigionese trail,trails,82 km
160,Golden trail,trails,81 km
769,Pipodian route,searoutes,81 km
245,Thetham trail,trails,81 km
541,Allo track,trails,81 km
411,Grafengenese trail,trails,80 km
274,Aynakan pass,trails,80 km
51,Great trail,trails,79 km
344,Gayayasian trail,trails,79 km
579,Military track,trails,79 km
156,Akaybaran trail,trails,78 km
587,Ethereal passage,searoutes,78 km
17,Moonlit route,roads,78 km
389,Grafengen path,trails,78 km
462,The Echoing Ponticivan track,trails,78 km
449,Palattaran track,trails,77 km
41,Ovakaylibian pass,trails,77 km
592,Crimson route,searoutes,76 km
269,The Serpentine Cerskyfigan path,trails,76 km
195,Grambedondan trail,trails,76 km
90,Perstablean track,trails,76 km
66,Thetfordgean trail,trails,76 km
837,Astral route,searoutes,75 km
338,Glimmering track,trails,75 km
589,Molten passage,searoutes,75 km
835,Buyban route,searoutes,75 km
694,Sable passage,searoutes,74 km
630,Crimson route,searoutes,74 km
87,Cepesenese path,trails,73 km
47,Ertentean trail,trails,73 km
316,Pacapan track,trails,71 km
238,Azyolteduan track,trails,71 km
452,Fiunan trail,trails,71 km
60,Molten trail,trails,71 km
732,Wraith route,searoutes,70 km
546,Dutodutean trail,trails,70 km
811,Burning route,searoutes,70 km
510,Ondolitajan path,trails,70 km
270,Beyayaytayan trail,trails,70 km
529,The Cobbled Sorotilgar pass,trails,70 km
212,Hathish trail,trails,70 km
398,Nestellean trail,trails,69 km
331,Kirchal pass,trails,69 km
631,Jade route,searoutes,69 km
240,Koluan trail,trails,69 km
607,Queen route,searoutes,69 km
246,The Great Guildminese trail,trails,68 km
624,Boztoprak lane,searoutes,67 km
335,Monchan pass,trails,67 km
402,Chartinville pass,trails,67 km
311,The Shaky Pacapan path,trails,67 km
814,Wild route,searoutes,67 km
290,The Cracked Lektassan track,trails,67 km
65,Wild trail,trails,66 km
164,Aberkinverdan path,trails,66 km
36,Siljan trail,trails,66 km
385,The Sacred Villepieds path,trails,65 km
779,The Rustic Burning route,searoutes,64 km
85,Knacumeford trail,trails,64 km
436,Aullian track,trails,64 km
334,Weillenan trail,trails,64 km
315,Ersuzunese trail,trails,64 km
648,Radiant route,searoutes,64 km
507,The Cobbled Azozesbey trail,trails,64 km
475,Sazkayan track,trails,64 km
116,Crystal trail,trails,64 km
457,Azure trail,trails,64 km
287,Kumtedibean trail,trails,64 km
226,Iatecekionese track,trails,64 km
560,Yuzunsepean trail,trails,63 km
291,Tamanian pass,trails,62 km
576,Martuelaran trail,trails,62 km
204,Cambrovil track,trails,62 km
514,Ertenlerkan trail,trails,62 km
530,The Shaky Aduran trail,trails,62 km
404,Ofenburg track,trails,62 km
439,Wild path,trails,62 km
822,Nightshade passage,searoutes,61 km
283,Ormsfieldgean trail,trails,61 km
239,Bothean path,trails,61 km
183,Aberan pass,trails,61 km
322,Laufenweian trail,trails,61 km
416,Manocean trail,trails,61 km
342,Vantignelly path,trails,60 km
137,Braberctarean trail,trails,60 km
523,Azozesbey trail,trails,60 km
3,Enchanted road,roads,60 km
485,Queen trail,trails,60 km
153,Portsham trail,trails,60 km
136,Sivrekan trail,trails,60 km
171,Midfordan trail,trails,60 km
412,Wraith path,trails,60 km
795,Matrix water way,searoutes,60 km
188,Celestial trail,trails,59 km
168,Hitchan trail,trails,59 km
465,The Sacred Cormontenean trail,trails,59 km
263,Imperial trail,trails,59 km
672,Queen route,searoutes,59 km
179,Kirviegunum path,trails,58 km
512,Cerrososan trail,trails,58 km
526,Opendenese trail,trails,58 km
483,Astral trail,trails,57 km
83,Fhlaian pass,trails,57 km
441,Dokuzbey trail,trails,57 km
326,Bolvian track,trails,57 km
336,Bolvian path,trails,57 km
151,The Frosty Mhearigledduan path,trails,57 km
252,Tetonese trail,trails,57 km
422,Yaztelikan path,trails,57 km
561,Aynaksean track,trails,57 km
553,Sarprakdian trail,trails,57 km
571,Parreranan pass,trails,57 km
515,Hiruedazuzan trail,trails,56 km
106,Wineterscom trail,trails,56 km
539,Mouvillesnoy trail,trails,56 km
387,The Breezy Asbekekinese pass,trails,56 km
82,Chlatulais trail,trails,56 km
551,Twisted track,trails,56 km
555,Twilight pass,trails,55 km
198,Celestial track,trails,55 km
273,Kekian pass,trails,55 km
303,Icearnetan trail,trails,55 km
73,Dodurtenbean trail,trails,54 km
191,Cleolesholean trail,trails,54 km
57,Watheran trail,trails,54 km
260,Serpent trail,trails,54 km
224,Yaltaynuz track,trails,54 km
394,Boykut trail,trails,53 km
446,Ayodish trail,trails,53 km
562,Dovakarduan track,trails,52 km
494,Kartan pass,trails,52 km
491,Dampiergis trail,trails,52 km
623,Cursed route,searoutes,52 km
833,The Cobbled Sapphire lane,searoutes,52 km
355,Erdeshernoian path,trails,52 km
459,Wraith track,trails,52 km
501,Sapphire trail,trails,52 km
639,Enchanted water way,searoutes,52 km
666,Lochilerellese route,searoutes,52 km
208,Whitfordminese trail,trails,52 km
405,Turanvan trail,trails,51 km
300,Ormsfieldgean pass,trails,51 km
149,Bouaigaiglian trail,trails,51 km
773,The Serpentine Whisper water way,searoutes,51 km
216,Roswsinver trail,trails,51 km
144,Llanese trail,trails,51 km
528,Allo pass,trails,50 km
544,Moonlit path,trails,50 km
228,Warhambean pass,trails,50 km
120,Chlatulais trail,trails,50 km
664,Ebon route,searoutes,50 km
54,Kingmolean track,trails,49 km
111,Aberarannese track,trails,49 km
490,High trail,trails,49 km
62,Moonlit pass,trails,49 km
172,Aberan trail,trails,48 km
257,Koluan trail,trails,48 km
517,Secilbenzonese pass,trails,48 km
214,Alaintillainese track,trails,48 km
360,Gayayasian trail,trails,48 km
276,Winchesbury trail,trails,47 km
516,Moon trail,trails,47 km
299,Wraith trail,trails,47 km
668,Burning route,searoutes,47 km
413,Vilianan track,trails,47 km
727,Trillenese lane,searoutes,47 km
568,Milcaran track,trails,47 km
173,Aber trail,trails,47 km
10,Storm route,roads,47 km
157,Achian track,trails,46 km
660,Flower route,searoutes,46 km
289,Korbey trail,trails,46 km
275,Preskirk trail,trails,46 km
201,Abertlevenese pass,trails,46 km
644,Arcane lane,searoutes,46 km
392,Orgis trail,trails,45 km
467,Jozierais track,trails,45 km
746,Tranquil route,searoutes,45 km
652,Shadow passage,searoutes,45 km
497,The Shaky Ondolitajan path,trails,45 km
819,Crimson water way,searoutes,45 km
765,Royal lane,searoutes,45 km
304,Folesterby pass,trails,45 km
192,Serdemkaman trail,trails,45 km
400,Spectral track,trails,44 km
98,Askibean trail,trails,44 km
258,Totrinch trail,trails,44 km
220,Yaltaylan trail,trails,44 km
34,Koulamaskian path,trails,44 km
613,Echo lane,searoutes,43 km
511,Glimmering trail,trails,43 km
227,Axbridan track,trails,43 km
476,The Obscure Toprakan trail,trails,43 km
38,Elyatar trail,trails,43 km
174,Brasmouth trail,trails,43 km
791,Shadow route,searoutes,43 km
285,Degaicarnian trail,trails,43 km
102,Cerulean trail,trails,43 km
230,Cenver path,trails,43 km
498,Platinum track,trails,42 km
265,The Silent Aynakan track,trails,42 km
223,Ember pass,trails,42 km
638,Whirlwind lane,searoutes,42 km
337,Bellanan trail,trails,42 km
423,The Shrouded Yelgakan trail,trails,42 km
182,Midford trail,trails,42 km
758,Raven route,searoutes,42 km
43,Kepeniz track,trails,42 km
461,Toprish trail,trails,41 km
379,The Echoing Rocqualian pass,trails,41 km
343,Bouran trail,trails,40 km
67,Dodurtenbean trail,trails,40 km
726,Infernal water way,searoutes,40 km
700,The Great Shadowed lane,searoutes,40 km
277,Montefan pass,trails,40 km
243,Devrian pass,trails,40 km
233,Buyban track,trails,40 km
205,Aber path,trails,40 km
682,Aykut water way,searoutes,40 km
363,Ynuzban trail,trails,39 km
237,Buyban pass,trails,39 km
130,New trail,trails,39 km
557,Derinbey trail,trails,39 km
142,The Fabled Borougham trail,trails,39 km
68,Forest path,trails,39 km
532,Alprakan trail,trails,38 km
599,Sayansuyol route,searoutes,38 km
176,Mitlewent trail,trails,38 km
417,Galoksekian trail,trails,38 km
279,Myrmaliapan pass,trails,38 km
295,Muuman trail,trails,38 km
573,Yundan pass,trails,38 km
736,Stardust lane,searoutes,38 km
393,Sasterwihlese trail,trails,38 km
479,Timancheauzan track,trails,37 km
407,Vinatean trail,trails,37 km
725,Rain route,searoutes,37 km
178,The Breezy Yerenkorbean trail,trails,37 km
317,Bribachried track,trails,37 km
247,Kalkanese trail,trails,37 km
616,Mystic lane,searoutes,37 km
308,Gyriantioch trail,trails,37 km
535,The Cracked Valhusvik trail,trails,37 km
478,Pozanovilban track,trails,37 km
381,Asbekekinese trail,trails,37 km
158,Brorough pass,trails,37 km
328,Bellanan track,trails,37 km
455,Lunar trail,trails,37 km
499,The Shaky Pozanovilban pass,trails,36 km
428,Dusk trail,trails,36 km
323,Bribachried trail,trails,36 km
738,Crimson passage,searoutes,36 km
830,The Fabled Echo route,searoutes,36 km
74,The Breezy Suranese pass,trails,36 km
612,The Echoing Silver lane,searoutes,36 km
242,Devrian pass,trails,35 km
519,Aduran trail,trails,35 km
333,Sapphire trail,trails,35 km
94,Senverber track,trails,35 km
189,Abery trail,trails,35 km
12,Ghost highway,roads,35 km
678,Halcyon lane,searoutes,35 km
219,Azyolteduan track,trails,35 km
107,Uiganthinese trail,trails,35 km
70,Yumanese trail,trails,34 km
463,Tarbogranolian trail,trails,34 km
262,Serpent trail,trails,34 km
500,Matrix trail,trails,34 km
199,Altfieldley path,trails,34 km
77,The Great Altekian trail,trails,34 km
671,Cursed route,searoutes,33 km
542,Unnamed route segment,trails,33 km
384,Margan trail,trails,33 km
175,Aykut track,trails,33 km
460,Boignan pass,trails,33 km
692,Jade route,searoutes,33 km
339,Wandering trail,trails,33 km
696,The Frosty Wandering route,searoutes,33 km
155,Bilterinkan trail,trails,33 km
5,Lunar road,roads,33 km
375,Hochenschw trail,trails,33 km
793,Newbigraran route,searoutes,33 km
481,Erinese trail,trails,32 km
744,Verdant lane,searoutes,32 km
193,Mitlewent trail,trails,32 km
575,Martuelaran trail,trails,32 km
676,Rain route,searoutes,32 km
320,Laufenweian trail,trails,31 km
823,Timancheauzan route,searoutes,31 km
163,Unnamed route segment,trails,31 km
129,Unnamed route segment,trails,31 km
454,Nightshade pass,trails,31 km
615,Cerulean water way,searoutes,30 km
645,Burning route,searoutes,30 km
309,Ayvar track,trails,30 km
803,Thunder route,searoutes,30 km
56,Crystalline trail,trails,30 km
492,Unnamed route segment,trails,30 km
194,Milton trail,trails,30 km
595,The Serpentine Burning route,searoutes,30 km
410,Sanobanean trail,trails,30 km
356,Sellan path,trails,29 km
403,Lordonville trail,trails,29 km
708,Halcyon route,searoutes,29 km
329,Unnamed route segment,trails,29 km
52,Dobayalelian trail,trails,29 km
312,Kirham pass,trails,28 km
170,Uxblelis trail,trails,28 km
357,Choux pass,trails,28 km
235,Shadow pass,trails,28 km
391,Spectral trail,trails,28 km
132,The Echoing Ayarovaran trail,trails,28 km
563,Dawn trail,trails,28 km
181,Unnamed route segment,trails,28 km
789,Glowing route,searoutes,28 km
484,Stardust trail,trails,27 km
442,Senneauville pass,trails,27 km
767,Sun route,searoutes,26 km
597,The Fabled Flower lane,searoutes,26 km
663,Amethyst route,searoutes,26 km
121,Unnamed route segment,trails,26 km
53,Unnamed route segment,trails,26 km
104,Cursed trail,trails,26 km
332,Ungen trail,trails,26 km
196,The Cracked Exninish trail,trails,25 km
800,Serpent passage,searoutes,25 km
281,Preskirk trail,trails,25 km
103,Cerulean trail,trails,25 km
525,Hvamsund trail,trails,25 km
756,Glowing route,searoutes,25 km
548,Erlertepean pass,trails,25 km
203,Unnamed route segment,trails,25 km
346,Unnamed route segment,trails,25 km
330,Vetran track,trails,25 km
154,Horncesheadian trail,trails,25 km
809,Citrallegnan lane,searoutes,24 km
531,Molten trail,trails,24 km
321,Unnamed route segment,trails,24 km
431,Sanobanean trail,trails,24 km
152,Unnamed route segment,trails,24 km
826,Dutodutean route,searoutes,24 km
358,The Great Ynuzbey trail,trails,24 km
418,Unnamed route segment,trails,23 km
689,Military route,searoutes,23 km
92,Maldockan track,trails,23 km
489,Unnamed route segment,trails,23 km
28,The Obscure Yerintean road,roads,23 km
75,Unnamed route segment,trails,23 km
469,Ethereal trail,trails,23 km
719,Unnamed route segment,searoutes,23 km
261,Unnamed route segment,trails,23 km
425,Molten trail,trails,23 km
113,Lochijodurum track,trails,23 km
218,Unnamed route segment,trails,23 km
836,Yenerian lane,searoutes,23 km
570,Unnamed route segment,trails,22 km
222,Unnamed route segment,trails,22 km
101,Mystic track,trails,22 km
140,Unnamed route segment,trails,22 km
268,Sico pass,trails,22 km
374,Unnamed route segment,trails,22 km
127,Llanese trail,trails,22 km
610,The Silent Nightshade route,searoutes,22 km
677,The Cracked Stardust route,searoutes,22 km
255,Unnamed route segment,trails,22 km
810,Montan route,searoutes,22 km
31,Torvilan trail,trails,22 km
813,Unnamed route segment,searoutes,21 km
820,Lunar route,searoutes,21 km
445,Unnamed route segment,trails,21 km
538,Unnamed route segment,trails,21 km
271,Amber trail,trails,21 km
396,Scarlet trail,trails,21 km
373,Bisachren path,trails,21 km
749,The Serpentine Raven route,searoutes,21 km
480,Unnamed route segment,trails,21 km
109,Unnamed route segment,trails,20 km
429,Unnamed route segment,trails,20 km
46,Unnamed route segment,trails,20 km
215,Unnamed route segment,trails,20 km
294,Unnamed route segment,trails,20 km
578,Unnamed route segment,trails,20 km
177,Unnamed route segment,trails,20 km
318,Unnamed route segment,trails,20 km
533,Unnamed route segment,trails,20 km
145,The Shrouded Biltungur trail,trails,20 km
775,Falcon lane,searoutes,20 km
785,Luminous route,searoutes,19 km
778,Wandering route,searoutes,19 km
706,Rurusanidean passage,searoutes,19 km
702,Vulak route,searoutes,19 km
232,Unnamed route segment,trails,19 km
378,Unnamed route segment,trails,18 km
286,Unnamed route segment,trails,18 km
319,Unnamed route segment,trails,18 km
633,Unnamed route segment,searoutes,18 km
119,Unnamed route segment,trails,18 km
711,Solar route,searoutes,18 km
564,Unnamed route segment,trails,18 km
503,Unnamed route segment,trails,17 km
8,Unnamed route segment,roads,17 km
341,Unnamed route segment,trails,17 km
79,Unnamed route segment,trails,17 km
448,Unnamed route segment,trails,17 km
565,Unnamed route segment,trails,17 km
829,Dusk lane,searoutes,17 km
521,Unnamed route segment,trails,17 km
812,Ethereal route,searoutes,17 km
520,Unnamed route segment,trails,17 km
474,Unnamed route segment,trails,17 km
447,Unnamed route segment,trails,17 km
63,Unnamed route segment,trails,16 km
55,Unnamed route segment,trails,16 km
451,Unnamed route segment,trails,16 km
80,Unnamed route segment,trails,16 km
141,Unnamed route segment,trails,16 km
432,Unnamed route segment,trails,16 km
86,Unnamed route segment,trails,16 km
50,Unnamed route segment,trails,16 km
550,Unnamed route segment,trails,16 km
437,Unnamed route segment,trails,16 km
802,Unnamed route segment,searoutes,16 km
248,Unnamed route segment,trails,16 km
763,Unnamed route segment,searoutes,15 km
804,Unnamed route segment,searoutes,15 km
450,Unnamed route segment,trails,15 km
202,Unnamed route segment,trails,14 km
108,Unnamed route segment,trails,14 km
680,Unnamed route segment,searoutes,14 km
760,Unnamed route segment,searoutes,14 km
209,Unnamed route segment,trails,14 km
122,Unnamed route segment,trails,14 km
126,Unnamed route segment,trails,14 km
759,Unnamed route segment,searoutes,14 km
69,Unnamed route segment,trails,14 km
634,Unnamed route segment,searoutes,14 km
362,Unnamed route segment,trails,14 km
473,Unnamed route segment,trails,14 km
695,Unnamed route segment,searoutes,14 km
754,Unnamed route segment,searoutes,13 km
821,Unnamed route segment,searoutes,13 km
365,Unnamed route segment,trails,13 km
150,Unnamed route segment,trails,13 km
731,Unnamed route segment,searoutes,13 km
64,Unnamed route segment,trails,13 km
430,Unnamed route segment,trails,13 km
131,Unnamed route segment,trails,13 km
306,Unnamed route segment,trails,13 km
545,Unnamed route segment,trails,12 km
705,Unnamed route segment,searoutes,12 km
508,Unnamed route segment,trails,12 km
49,Unnamed route segment,trails,12 km
805,Unnamed route segment,searoutes,12 km
72,Unnamed route segment,trails,12 km
567,Unnamed route segment,trails,12 km
100,Unnamed route segment,trails,12 km
71,Unnamed route segment,trails,12 km
147,Unnamed route segment,trails,12 km
187,Unnamed route segment,trails,12 km
825,Unnamed route segment,searoutes,12 km
371,Unnamed route segment,trails,12 km
207,Unnamed route segment,trails,12 km
572,Unnamed route segment,trails,12 km
577,Unnamed route segment,trails,12 km
438,Unnamed route segment,trails,12 km
776,Unnamed route segment,searoutes,11 km
369,Unnamed route segment,trails,11 km
653,Unnamed route segment,searoutes,11 km
832,Unnamed route segment,searoutes,11 km
704,Unnamed route segment,searoutes,11 km
764,Unnamed route segment,searoutes,11 km
61,Unnamed route segment,trails,11 km
658,Unnamed route segment,searoutes,11 km
414,Unnamed route segment,trails,10 km
581,Unnamed route segment,searoutes,10 km
117,Unnamed route segment,trails,10 km
453,Unnamed route segment,trails,10 km
558,Unnamed route segment,trails,10 km
824,Unnamed route segment,searoutes,10 km
78,Unnamed route segment,trails,10 km
138,Unnamed route segment,trails,10 km
505,Unnamed route segment,trails,10 km
84,Unnamed route segment,trails,10 km
433,Unnamed route segment,trails,9 km
272,Unnamed route segment,trails,9 km
361,Unnamed route segment,trails,9 km
390,Unnamed route segment,trails,9 km
559,Unnamed route segment,trails,9 km
753,Unnamed route segment,searoutes,9 km
636,Unnamed route segment,searoutes,9 km
372,Unnamed route segment,trails,9 km
340,Unnamed route segment,trails,9 km
349,Unnamed route segment,trails,9 km
44,Unnamed route segment,trails,9 km
99,Unnamed route segment,trails,8 km
536,Unnamed route segment,trails,8 km
815,Unnamed route segment,searoutes,8 km
709,Unnamed route segment,searoutes,8 km
368,Unnamed route segment,trails,8 km
735,Unnamed route segment,searoutes,8 km
347,Unnamed route segment,trails,8 km
752,Unnamed route segment,searoutes,8 km
426,Unnamed route segment,trails,8 km
236,Unnamed route segment,trails,8 km
427,Unnamed route segment,trails,8 km
296,Unnamed route segment,trails,8 km
662,Unnamed route segment,searoutes,7 km
657,Unnamed route segment,searoutes,7 km
681,Unnamed route segment,searoutes,7 km
580,Unnamed route segment,trails,7 km
569,Unnamed route segment,trails,7 km
770,Unnamed route segment,searoutes,7 km
605,Unnamed route segment,searoutes,7 km
506,Unnamed route segment,trails,7 km
713,Unnamed route segment,searoutes,7 km
790,Unnamed route segment,searoutes,7 km
788,Unnamed route segment,searoutes,7 km
161,Unnamed route segment,trails,7 km
757,Unnamed route segment,searoutes,7 km
654,Unnamed route segment,searoutes,7 km
594,Unnamed route segment,searoutes,7 km
471,Unnamed route segment,trails,6 km
742,Unnamed route segment,searoutes,6 km
792,Unnamed route segment,searoutes,6 km
509,Unnamed route segment,trails,6 km
799,Unnamed route segment,searoutes,6 km
537,Unnamed route segment,trails,6 km
619,Unnamed route segment,searoutes,6 km
604,Unnamed route segment,searoutes,6 km
818,Unnamed route segment,searoutes,6 km
686,Unnamed route segment,searoutes,6 km
443,Unnamed route segment,trails,6 km
762,Unnamed route segment,searoutes,6 km
817,Unnamed route segment,searoutes,6 km
801,Unnamed route segment,searoutes,6 km
593,Unnamed route segment,searoutes,6 km
703,Unnamed route segment,searoutes,6 km
699,Unnamed route segment,searoutes,6 km
794,Unnamed route segment,searoutes,5 km
691,Unnamed route segment,searoutes,5 km
169,Unnamed route segment,trails,5 km
781,Unnamed route segment,searoutes,5 km
831,Unnamed route segment,searoutes,5 km
784,Unnamed route segment,searoutes,4 km
250,Unnamed route segment,trails,4 km
783,Unnamed route segment,searoutes,4 km
755,Unnamed route segment,searoutes,4 km
690,Unnamed route segment,searoutes,4 km
796,Unnamed route segment,searoutes,4 km
629,Unnamed route segment,searoutes,2 km
710,Unnamed route segment,searoutes,2 km
